Age Group,Spatial Structure,Spatial Unstructure,Time Structure,Time Unstructure,Space-Time
15-19,0.9248394972872696,0.01970478507270551,0.02622717702676315,0.005851259849281821,0.023377280763979984
20-24,0.8768079863810441,0.031064771452861815,0.03753386887557173,0.017368650397582164,0.037224722892940244
25-29,0.6144262582737765,0.06715411461123999,0.14052654099834652,0.06542777226537592,0.11246531385126106
30-34,0.5989215485976623,0.09783284544485545,0.10659749806041802,0.07684329711732557,0.11980481077973869
35-39,0.6517733458790159,0.048411695036967364,0.18234073586942426,0.03485743781176995,0.0826167854028225
40-44,0.6532411356406197,0.034122164487498004,0.22366862824360545,0.03764224003968563,0.05132583158859122
